Robust,12,1LzyaPfJQfo5ymWKTPhDQqFVcqVmpviWUf
directional,12,1B4txYRUcmimA4L8vRkZnsKbdCDwWkFrzw
Progressive,12,1TFD6KCJTBB4Y5aGLD85vBotQXFiUqPLk
customer loyalty,12,19HMjFFq9CUnjoVFfVW2c8GRvPKxtAztSy
multi-tasking,11,158emSzpu2sp4sKDURjNKg8X4TmSZRzScc
composite,12,1MgNt3Avgxfzx9QKgYPfTaEMV4am73KRvM
Stand-alone,11,17d2Kj4nbYPFQqq3Z1BL7TW45oYcSSatqy
dedicated,14,12D17UPJGAzpr7z3B66wSFayvoiFMH1yzj
forecast,15,15WwwRXoNKuysYJStEL1bMrCMnTM1VsrMa
asynchronous,14,17zgF1ScE9aTVpqnaLqssnkWbqQcKujE2c
Profit-focused,13,1MNYeUCTPNjjKGR8ukdzouVdLozetzPTu5
access,10,1NbUd79F4JTNqr3Gi8ei4aLoJRi9WvBshE
knowledge base,10,159wdXf8efWqujMXeWZF9gyuW9LQiMJMJd
Synergistic,10,198MJA6gaUqrhZsb5af2aAs9XchMzMMtKa
implementation,12,17VcZRPPJCn3iUWTZ4SDAjmobaNUZjySHp
Distributed,15,12b9EVr1to9qaftRQj3kxeYt2qYGTK87EY
methodology,11,1DCNt2vAbTWhtJcmS6zdVVjco76gEK3AUQ
Customizable,15,1AXNNyTyEZGadYgAPpWnWcuGcgJdrikYP6
zero tolerance,14,13qkgEABb2ixRL2ochnewLTaLwf5xU6Qq5
attitude-oriented,15,1kmXTAYx9QhsU49uqhFxYQVY2Z6AVtw59
reciprocal,12,1FhMX98noZw7fJbcgWxDP1h31VT1i4t7XR
functionalities,13,15QvjV3AcptoAhD5xTBdtM7PL46He473zE
Polarised,14,1CGeg3d3jxuo7PLjLZk8EJLJgKAZSWi7k5
internet solution,11,1LeHyZMXj63JAzQogWuEriF4z8uD3J5NEt
uniform,15,1utLXmcRbakWZjuavSkCrDnRaGhBTYu3L
Automated,14,1CZ7BqU9oVT4WR5Gv9yv2vzHdPnS3RWKCz
collaboration,15,1KUsLnEViSPFhrJQacjtaVtmZnrhxNzvtT
policy,13,1Ub8mEmt63LAyHfkGuoMCrjynKBggpFfY
Re-contextualized,15,131356K6MzeFm4NHcrv7q7XUUzVxD2hKbr
process improvement,15,1Q4uhEj23yFxdc7haoxtSUme4JLDKAeTgw
process improvement,14,1D9QaDNVFrTLhekgZ5qw9dftWEhVn2jzt6
regional,10,18LFmiNtsYuicMzUg8maL2oszkJ5J9qrgm
Phased,12,13RATxt4m4EBoRK9KK6bBewBNoaD4YRLmM
extranet,11,1AQBpcpD7Ap18rPyeQw4yQ9MutsjNAfEtc
tangible,14,1CVNq7yfkj6Vf52KPoJkqpec5W6WmE5ehe
value-added,14,1DqXHMPG6YRo8ZoYjx4jhbTUNqPZHZFU9A
Expanded,11,1PeF8SwbXBK5Xj6JPtqhvQFDYfftqSZUbg
system engine,14,14CCiQ177TGCNZ1WFoYU9zjCzaYXbPRKxd
regional,13,1EZzWoWJpgtZiDSCXYKHEwKjGwQ1MHhJpW
Configurable,13,1BS3i5jsbRUVS6XAbeU9PEuUGL6BABxE9G
internet solution,10,1AQyCLzwipqBVcfPXSYsVdMyD8VUEdv9o
Horizontal,12,16eyJvaAi36oSsagm9s8xRZw3Hg1gzMfng
actuating,15,14qiVtT3LM1NotU3wbBqWCZHm184NebTR3
context-sensitive,11,1Crgo4Un3BVxaojBz5DUZFY1vaGYcx2Zxi
Focused,15,1KvxB81qLdqBxYr5HQmc4wutJrUumzL9qu
Organized,10,1MCgpoR2XWsKpQod9wVaBn1cYtoyNKNPEC
Expanded,15,163SuE4YdC6mjS5JfgKjtmPgzvGnaT6kMV
interactive,14,1Ep4M6ytQpwk7rVpyBwSoNMzNo8nWEBKoV
object-oriented,14,1GMxggTP71oJjyNLF6W4nYW7ZVss6tVSis
extranet,13,1Hn2wW3ZBNLPD9tWBMpWXTVpcEiuNK4kwN
6th generation,13,1NZCu2uZ2qnKP8KhkN2AvpSzCTE4k8rEWu
6th generation,11,13NxBVAyHv2rGHXmQK4NBT5gSCZgHdiHFG
transitional,14,17aGKSnY88A5sjt7uLhxwTxpyGJpQqBtpa
analyzing,12,1FrTHkSXtiJjFJLuM2vQuZE6ktRyc4jGW8
benchmark,10,1NFbGSpA6wpFAcJAitfPjMrsK9RB57f3T6
Horizontal,11,1vqruXYDmUJBwWKtyKGpJfrq8uYf1qVKg
bi-directional,14,15MnLPMPKUHkFhh7oXAbG5hqvs9shh5GLh
Function-based,15,1PT6G3QwmPZfYBHrKFPwW4bywWG4L34QUw
static,13,1PrxqbZydupwZJREUoQWsU5C9T5ktbKmGC
radical,12,1N9pzoXomCCN3QfvJqAxTMeZZW8emFzeoH
