Juan,Leiva,12016,rb2016
Aryn,Burch,5881,mcsQmmSrow
Fanny,Dielu,6015,GZDvbUuMpZAZhae
Mallory,Engdahl,2779,GDcMYTqMCfkB
Shaine,Fabiola,2767,cWSJPzBxeFwQU
Sonni,Juan,8149,aemoysVa
Fanchon,Cleo,7219,fnANPGrBSBEVllU
Tressa,Schlosser,4241,cmvWmNSwNDVdX
Cecile,Bates,9792,BbcPQNOBfINQEHC
Maisey,Hachmin,2020,nCAkxaLL
Rosabelle,Donoghue,7413,UkmiRPsEFw
Nannie,Mayeda,8690,VTyejYQPEUIykN
Kaia,Docilla,3192,MeYtLhOX
Wanda,Hutchison,6384,OVaCaLOllhDorq
Zsa Zsa,Melony,7749,uoucEqFaSepSlaz
Fidelia,Demitria,4565,zQepLHBlM
Allis,Pacorro,6669,jarrqWGuL
Sidoney,Oriana,8364,aooEGWNTUn
Selia,Pip,9395,huSfpcanz
Alejandra,Salvidor,7733,qufFpmePV
Damaris,Jerald,8159,iITjNyUey
Gabriellia,Dielu,9688,yyHdIHPEay
Georgina,Peti,4350,dNMLBwefaA
Rayna,Alisia,8183,hryQtLMSTc
Carolina,Etom,4468,wfbdbqgfRYwUSfE
Julieta,Bahr,5233,ptFsDeGMCHvx
Elena,Schlosser,9388,zkAdgFgiVzkH
Tierney,Cressida,3082,WkHQcFfuIE
Blinni,Mozelle,8634,QxIZYlJuia
Sissy,Ledah,5316,OwcyLyETEFhzPMf
Tami,Maxi,3093,cvnaPfUni
Amalie,Marden,6282,TiywZvXpzyigNZ
Tori,Raul,3961,CGzLwKZrqsAB
Pamella,Curren,6838,ULgreFofU
Michaelina,Gillan,2555,KvKSMLKPZwdwH
Frieda,Vastah,4948,pIyHKRSg
Norine,Taima,5299,bAwJfLCk
Ofilia,Dawkins,7764,RYLgGOnyVdV
Helena,Yam,8270,HKHSFQsmuo
Tilly,Beebe,6355,ngmHbCHN
Konstance,Christine,9042,UwFtykxAtJ
Dede,Beniamino,1276,iRbdYScdrC
Lelah,Plato,7831,dDelXlcQCkWCJR
Cindelyn,Longfellow,4050,nniNplize
Ardys,Eno,7315,YqmYuQEEkPvNW
Eolanda,Fiann,9984,BEQpDMKljNZuT
Deloria,Sandye,4557,avVkYcrd
Merry,Kat,4947,uqcquBOD
Viki,Berriman,5640,bDPIrjsq
Rochette,Ax,7094,KqmymIrOceZBQVZ
Lorenza,Stuart,1791,ZZlGXOWWACWkla
Jota,Shoy,99999,peroquepasa
